HTTPS,182.92.220.212,8080
HTTPS,117.88.4.160,3000
HTTPS,222.95.144.61,3000
HTTPS,117.88.4.253,3000
HTTP,112.14.47.6,52024
HTTP,123.169.101.123,9999
HTTP,115.223.108.111,8010
HTTP,58.253.157.142,9999
HTTPS,110.243.3.241,9999
HTTP,60.173.241.77,8060
HTTPS,223.68.190.130,8181
HTTP,118.113.245.40,9999
HTTP,113.124.92.200,9999
HTTPS,119.84.112.137,80
HTTPS,61.150.96.27,46111
HTTPS,119.84.112.139,80
HTTPS,120.39.216.129,808
HTTP,121.8.146.99,8060
HTTP,118.114.194.229,8118
HTTPS,117.88.4.23,3000
HTTPS,117.88.177.76,3000
HTTP,140.250.197.186,9999
HTTP,182.46.198.250,9999
HTTP,115.223.87.86,8010
HTTP,171.13.103.99,9999
HTTPS,223.241.79.23,8010
HTTP,120.198.76.45,41443
HTTPS,210.5.10.87,53281
HTTPS,115.223.75.68,8010
HTTPS,223.241.78.174,8010
HTTP,61.135.155.82,443
HTTP,163.204.241.202,9999
HTTP,115.223.82.187,8010
HTTP,119.180.139.188,8060
HTTPS,112.250.214.46,28803
HTTPS,223.241.119.91,8010
HTTPS,119.41.204.210,53281
HTTP,117.88.176.135,3000
HTTP,117.94.213.119,8118
HTTP,117.88.177.25,3000
HTTP,114.104.134.151,8888
HTTP,121.36.145.161,8080
HTTP,182.32.234.37,9999
HTTP,39.137.69.6,8080
HTTPS,58.254.220.116,52470
HTTP,121.36.108.128,8080
HTTP,118.250.1.99,8060
HTTP,122.4.43.149,808
HTTP,60.167.113.59,8010
HTTP,118.181.226.166,44640
HTTP,182.92.113.148,8118
HTTPS,115.223.84.57,8010
HTTPS,60.31.213.115,808
HTTPS,218.14.109.42,44942
HTTPS,121.239.202.171,8010
HTTP,115.223.117.217,8010
HTTP,60.167.82.44,1133
HTTPS,115.223.109.209,8010
HTTP,202.107.233.123,8090
HTTP,202.115.142.147,9200
HTTPS,121.33.220.158,808
HTTPS,218.76.253.201,61408
HTTP,115.223.96.66,8010
HTTPS,119.254.94.114,45691
HTTP,139.224.233.103,8118
HTTP,121.237.148.192,3000
HTTP,120.78.168.189,8118
HTTPS,222.95.144.33,3000
HTTP,121.237.149.69,3000
HTTP,119.179.132.23,8060
HTTPS,115.219.105.100,8010
HTTP,140.143.53.70,8118
HTTP,111.230.228.246,8118
HTTPS,115.223.98.186,8010
HTTPS,115.223.115.41,8010
HTTPS,223.241.119.235,8010
HTTP,120.234.138.99,53779
HTTP,115.223.86.191,8010
HTTPS,125.73.220.18,31036
HTTPS,180.97.193.215,808
HTTPS,118.25.10.200,8080
HTTPS,124.89.2.250,63000
HTTP,120.26.199.103,8118
HTTP,101.132.190.101,80
HTTP,183.166.21.39,9999
HTTP,112.192.34.47,1133
HTTPS,113.121.165.75,8010
HTTP,175.165.129.245,1133
HTTP,110.73.45.159,8123
HTTPS,223.241.118.244,8010
HTTP,113.194.29.197,9999
HTTPS,115.219.107.61,8010
HTTP,119.84.84.185,12345
HTTPS,117.45.139.84,9006
HTTPS,117.88.177.109,3000
HTTPS,223.241.79.172,8010
HTTP,117.88.4.231,3000
HTTPS,117.88.176.166,3000
HTTPS,223.241.119.227,8010
HTTPS,124.93.201.59,59618
HTTP,112.250.214.235,28803
HTTP,123.171.5.150,8118
HTTP,117.88.177.227,3000
HTTPS,115.223.99.151,8010
HTTP,218.64.210.211,8060
HTTPS,112.84.48.103,9999
HTTP,106.122.205.38,8118
HTTP,121.40.108.76,80
HTTP,118.114.164.174,8118
HTTPS,223.241.117.94,18118
HTTPS,115.223.121.14,8010
HTTP,1.85.5.66,8060
HTTP,223.240.208.129,8010
HTTPS,218.59.193.14,47138
HTTPS,211.152.33.24,48749
HTTP,114.55.32.150,8888
HTTP,60.217.157.133,8060
HTTP,59.44.78.30,42335
HTTPS,175.148.75.109,1133
HTTP,60.167.82.51,1133
HTTP,117.88.177.91,3000
HTTP,115.223.88.91,8010
HTTP,113.109.213.148,8118
HTTPS,121.237.149.96,3000
HTTPS,121.237.148.228,3000
HTTPS,122.5.107.244,9999
HTTPS,119.254.94.71,42788
HTTP,27.188.64.70,8060
HTTPS,121.237.149.234,3000
HTTPS,115.223.72.112,8010
HTTPS,223.241.116.231,8010
HTTP,223.100.166.3,36945
HTTP,115.223.121.130,8010
HTTP,117.88.177.24,3000
HTTP,110.167.30.50,8060
HTTP,115.219.104.83,8010
HTTPS,115.219.111.73,8010
HTTPS,115.219.106.81,8010
HTTPS,115.223.109.254,8010
HTTP,113.194.29.81,9999
HTTP,114.99.9.163,1133
HTTP,27.188.65.244,8060
HTTPS,117.114.149.66,53281
HTTP,117.88.177.67,3000
HTTPS,183.23.75.201,808
HTTP,27.42.168.46,48919
HTTPS,117.88.5.121,3000
HTTP,218.14.108.53,8060
HTTP,110.243.5.132,9999
HTTP,117.88.176.46,3000
HTTP,117.88.176.216,3000
HTTPS,222.190.125.4,8118
HTTP,121.237.149.230,3000
HTTPS,115.219.171.35,8118
HTTPS,60.184.173.236,808
HTTP,118.25.129.159,8888
HTTP,60.217.64.237,31923
HTTPS,113.24.159.214,8118
HTTPS,115.223.81.6,8010
HTTPS,117.80.152.251,8010
HTTPS,222.85.39.8,808
HTTPS,27.154.34.146,31527
HTTP,113.194.49.219,9999
HTTPS,223.240.208.210,8010
HTTPS,117.88.176.109,3000
HTTPS,182.92.220.212,8080
HTTPS,115.223.92.54,8010
HTTPS,221.218.102.146,33323
HTTP,117.88.4.96,3000
HTTP,171.35.223.121,9999
HTTP,117.90.7.153,8010
HTTP,121.224.107.70,8010
HTTP,220.176.33.249,9999
HTTPS,223.199.18.157,9999
HTTPS,115.223.64.64,8010
HTTP,110.73.5.93,8123
HTTP,49.75.189.60,8010
HTTP,115.219.111.140,8010
HTTP,117.88.5.250,3000
HTTP,222.95.144.65,3000
HTTP,115.223.127.186,8010
HTTP,223.241.119.51,8010
HTTPS,114.239.144.61,808
HTTP,117.88.177.28,3000
HTTP,121.237.148.153,3000
HTTPS,117.88.176.91,3000
HTTP,223.241.118.45,8010
HTTPS,117.88.176.5,3000
HTTP,115.223.91.120,8010
HTTPS,117.88.177.162,3000
HTTP,121.237.149.113,3000
HTTP,117.88.176.2,3000
HTTP,111.222.141.127,8118
HTTPS,117.88.176.119,3000
HTTP,39.137.107.98,80
HTTP,39.137.69.8,80
HTTP,221.180.170.104,8080
HTTP,39.137.69.10,80
HTTP,144.52.244.46,9999
HTTPS,117.88.4.151,3000
HTTP,117.88.176.173,3000
HTTP,117.88.5.29,3000
HTTPS,117.88.5.227,3000
HTTPS,223.241.78.33,8010
HTTP,119.41.236.180,8010
HTTPS,223.241.119.149,8010
HTTPS,117.88.176.110,3000
HTTPS,182.111.199.224,8118
HTTPS,115.223.114.224,8010
HTTPS,114.226.160.229,9999
HTTPS,171.13.103.151,9999
HTTPS,221.206.100.133,34073
HTTPS,60.168.80.79,18118
HTTP,39.137.69.9,80
HTTP,116.114.19.211,443
HTTPS,121.31.102.146,8123
HTTPS,223.241.119.147,8010
HTTPS,117.88.177.5,3000
HTTP,116.114.19.204,443
HTTPS,221.1.200.242,38652
HTTPS,123.132.232.254,37638
HTTP,110.73.9.153,8123
HTTP,124.200.36.118,40188
HTTP,121.13.252.58,41564
HTTP,115.223.65.36,8010
HTTP,221.193.50.166,8118
HTTP,222.190.125.3,8118
HTTP,106.14.173.173,8080
HTTP,124.156.98.172,80
HTTP,222.85.28.130,40505
HTTPS,117.68.192.235,8010
HTTP,183.167.217.152,63000
HTTPS,110.73.11.171,8123
HTTPS,117.88.176.165,3000
HTTPS,119.39.68.33,8118
HTTP,119.41.192.134,53281
HTTP,183.147.230.104,8118
HTTP,115.159.154.79,1080
HTTPS,115.223.110.227,8010
HTTPS,114.99.54.65,8118
HTTPS,183.166.171.62,8888
HTTPS,60.190.250.120,8080
HTTPS,114.239.127.26,61234
HTTPS,60.168.71.178,8118
HTTP,27.208.186.148,8060
HTTPS,110.189.152.86,52277
HTTPS,116.113.27.170,47849
HTTPS,218.21.96.128,58080
HTTPS,117.64.234.34,8888
HTTP,27.208.84.160,8060
HTTPS,106.122.169.46,8118
HTTP,121.31.103.113,8123
HTTP,117.88.176.68,3000
HTTP,110.73.10.255,8123
HTTP,123.171.5.81,8118
HTTP,110.249.176.26,8060
HTTPS,218.249.45.162,35586
HTTP,183.166.136.91,8888
HTTP,123.168.67.160,8118
HTTP,115.223.124.79,8010
HTTP,115.223.126.226,8010
HTTP,60.2.44.182,30963
HTTP,121.31.100.197,8123
HTTP,117.45.139.15,9006
HTTPS,125.123.141.203,9999
HTTPS,115.238.59.86,53400
HTTPS,61.178.149.237,59042
HTTP,121.40.177.176,1080
HTTPS,218.75.69.50,39590
HTTPS,113.119.164.229,8118
HTTPS,175.8.109.13,8118
HTTPS,113.109.213.63,8118
HTTPS,223.241.118.63,8010
HTTP,115.219.105.61,8010
HTTPS,110.73.41.69,8123
HTTPS,223.241.116.177,8010
HTTP,117.88.4.29,3000
HTTPS,117.88.176.45,3000
HTTPS,117.88.5.193,3000
HTTPS,223.198.0.178,8118
HTTP,58.212.111.202,8118
HTTP,58.211.134.98,31744
HTTPS,223.240.208.42,8010
HTTPS,117.94.213.205,8118
HTTP,219.154.152.141,8118
HTTP,110.73.2.136,8123
HTTP,115.219.104.174,8010
HTTPS,124.226.110.144,8118
HTTP,115.223.115.173,8010
HTTPS,175.148.71.127,1133
HTTPS,121.237.149.90,3000
HTTP,121.237.148.130,3000
HTTP,222.95.144.112,3000
HTTP,117.88.176.76,3000
HTTPS,121.237.149.114,3000
HTTP,117.88.176.77,3000
HTTP,117.88.177.95,3000
HTTP,117.88.176.222,3000
HTTPS,121.237.149.152,3000
HTTP,222.95.144.99,3000
HTTP,222.95.144.90,3000
HTTPS,14.114.39.91,8118
HTTP,114.224.210.187,8118
HTTP,118.114.165.98,8118
HTTPS,175.8.109.70,80
HTTP,175.155.100.137,1133
HTTPS,58.56.149.198,53281
HTTP,49.83.184.199,8118
HTTPS,220.168.52.245,55255
HTTPS,117.70.197.63,61234
HTTP,121.237.149.224,3000
HTTPS,121.237.149.198,3000
HTTP,121.237.149.241,3000
HTTPS,117.88.177.104,3000
HTTPS,117.45.139.179,9006
HTTP,115.219.107.33,8010
HTTPS,223.241.79.75,8010
HTTP,115.223.95.192,8010
HTTPS,115.219.107.98,8010
HTTP,60.168.206.10,8888
HTTP,220.173.106.168,63000
HTTP,125.69.182.41,30228
HTTP,117.87.50.89,8118
HTTP,222.184.7.206,40908
HTTPS,115.219.104.36,8010
HTTPS,113.12.202.50,40498
HTTP,125.120.221.56,8118
HTTPS,117.88.5.230,3000
HTTPS,119.147.137.79,8008
HTTPS,14.118.207.178,8118
HTTPS,117.88.5.75,3000
HTTP,114.104.135.159,8888
HTTP,117.88.177.0,3000
HTTP,115.223.108.110,8010
HTTPS,117.88.5.232,3000
HTTPS,182.92.233.137,8118
HTTP,115.223.92.231,8010
HTTP,211.159.219.225,8118
HTTP,121.237.149.187,3000
HTTPS,222.95.144.44,3000
HTTP,121.237.148.70,3000
HTTPS,119.254.94.93,46323
HTTPS,118.113.234.101,8118
HTTPS,121.237.149.109,3000
HTTP,121.237.148.15,3000
HTTPS,222.95.144.154,3000
HTTP,222.95.144.100,3000
HTTP,60.216.101.46,59351
HTTP,121.237.148.208,3000
HTTP,49.234.46.87,8888
HTTP,117.88.176.72,3000
HTTP,121.237.148.201,3000
HTTP,121.237.148.2,3000
HTTP,110.73.2.96,8123
HTTP,222.95.144.128,3000
HTTPS,222.95.144.129,3000
HTTPS,121.237.148.241,3000
HTTP,121.237.148.248,3000
HTTPS,222.95.144.119,3000
HTTPS,222.95.144.200,3000
HTTP,222.95.144.195,3000
HTTP,121.237.148.115,3000
HTTP,121.237.149.88,3000
HTTP,121.237.149.16,3000
HTTP,112.247.169.33,8060
HTTPS,121.237.148.183,3000
HTTPS,121.237.149.26,3000
HTTP,121.237.149.56,3000
HTTP,121.237.149.163,3000
HTTP,117.88.177.34,3000
HTTP,121.237.149.118,3000
HTTP,121.237.149.160,3000
HTTP,117.88.176.228,3000
HTTPS,117.88.176.158,3000
HTTP,121.237.149.73,3000
HTTP,222.95.144.92,3000
HTTPS,117.88.176.250,3000
HTTP,182.61.179.157,8888
HTTP,117.88.177.20,3000
HTTPS,117.88.177.124,3000
HTTPS,121.237.149.102,3000
HTTP,121.237.149.201,3000
HTTP,117.88.5.105,3000
HTTPS,119.41.206.207,53281
HTTPS,117.88.177.94,3000
HTTPS,121.237.148.59,3000
HTTPS,115.223.99.148,8010
HTTP,117.88.176.128,3000
HTTP,117.88.5.25,3000
HTTPS,117.88.176.41,3000
HTTP,117.88.4.211,3000
HTTPS,117.88.5.160,3000
HTTP,222.95.144.191,3000
HTTPS,117.88.4.99,3000
HTTP,117.88.4.69,3000
HTTPS,117.88.5.116,3000
HTTPS,117.88.177.151,3000
HTTPS,117.88.177.177,3000
HTTP,121.237.148.209,3000
HTTPS,122.4.54.133,1081
HTTPS,117.88.176.211,3000
HTTP,110.73.2.116,8123
HTTP,117.88.177.173,3000
HTTP,117.88.5.109,3000
HTTPS,117.88.5.154,3000
HTTP,117.88.176.8,3000
HTTP,117.88.4.61,3000
HTTPS,121.237.149.101,3000
HTTP,117.88.5.208,3000
HTTP,117.88.5.220,3000
HTTP,117.88.4.113,3000
HTTPS,117.88.177.63,3000
HTTPS,117.88.4.162,3000
HTTP,117.88.4.111,3000
HTTP,27.203.208.195,8060
HTTP,114.234.150.59,8060
HTTPS,58.58.213.55,8888
HTTP,211.149.252.155,8888
HTTPS,121.237.148.176,3000
HTTPS,121.237.149.80,3000
HTTPS,115.223.64.168,8010
HTTP,121.237.148.252,3000
HTTPS,121.237.148.147,3000
HTTP,117.88.177.205,3000
HTTP,121.237.148.159,3000
HTTP,121.237.149.216,3000
HTTPS,223.241.117.153,8010
HTTP,121.237.148.85,3000
HTTPS,222.95.144.206,3000
HTTPS,222.95.144.137,3000
HTTP,117.88.177.11,3000
HTTPS,121.237.149.248,3000
HTTP,121.237.149.232,3000
HTTP,121.237.149.100,3000
HTTP,121.237.148.98,3000
HTTPS,113.128.8.35,9999
HTTPS,222.95.144.17,3000
HTTP,121.237.149.168,3000
HTTP,121.237.148.46,3000
HTTPS,121.237.149.23,3000
HTTPS,117.88.177.219,3000
HTTP,221.13.191.152,8118
HTTPS,115.223.64.79,8010
HTTPS,222.95.144.130,3000
HTTP,121.237.149.86,3000
HTTP,222.95.144.180,3000
HTTP,121.237.148.23,3000
HTTP,222.95.144.236,3000
HTTP,121.237.149.225,3000
HTTP,115.223.107.150,8010
HTTP,221.225.171.254,8118
HTTPS,222.95.144.57,3000
HTTP,121.237.149.60,3000
HTTP,121.237.148.45,3000
HTTPS,121.237.148.8,3000
HTTPS,121.237.148.78,3000
HTTPS,222.95.144.115,3000
HTTPS,121.237.149.19,3000
HTTPS,121.237.149.153,3000
HTTPS,222.95.144.188,3000
HTTPS,121.237.149.178,3000
HTTP,116.226.153.90,8060
HTTP,60.212.198.55,8060
HTTP,175.8.109.23,8118
HTTP,117.88.177.157,3000
HTTPS,117.88.177.121,3000
HTTPS,117.88.5.27,3000
HTTP,222.95.144.27,3000
HTTP,117.88.177.102,3000
HTTPS,121.237.148.173,3000
HTTP,117.88.176.150,3000
HTTPS,117.88.177.251,3000
HTTPS,117.88.177.59,3000
HTTP,117.88.4.163,3000
HTTP,117.88.176.207,3000
HTTP,117.88.176.249,3000
HTTP,117.88.177.120,3000
HTTP,121.237.148.140,3000
HTTP,117.88.177.112,3000
HTTPS,117.88.177.163,3000
HTTP,117.88.177.49,3000
HTTPS,222.95.144.122,3000
HTTP,121.237.148.195,3000
HTTP,117.88.176.13,3000
HTTP,117.88.4.85,3000
HTTP,121.237.149.180,3000
HTTP,121.237.148.143,3000
HTTPS,117.88.177.217,3000
HTTP,121.237.148.189,3000
HTTPS,117.88.177.149,3000
HTTPS,117.88.5.122,3000
HTTPS,117.88.5.120,3000
HTTP,117.88.176.55,3000
HTTP,60.217.142.118,8060
HTTP,183.64.178.39,8060
HTTP,117.88.176.7,3000
HTTP,117.88.177.18,3000
HTTP,117.88.176.66,3000
HTTPS,117.88.176.186,3000
HTTPS,222.95.144.18,3000
